[
  {
    "id": "Most_common_cause_of_CAP",
    "question": "Most common cause of CAP?",
    "options": {
      "A": "Klebsiella",
      "B": "Streptococcus pneumoniae",
      "C": "Mycoplasma",
      "D": "Legionella"
    },
    "choices": [
      "Klebsiella",
      "Streptococcus pneumoniae",
      "Mycoplasma",
      "Legionella"
    ],
    "answer": "B",
    "answer_idx": 1
  },
  {
    "id": "Antidote_for_acetaminoph",
    "question": "Antidote for acetaminophen OD?",
    "options": {
      "A": "Naloxone",
      "B": "N-acetylcysteine",
      "C": "Flumazenil",
      "D": "Atropine"
    },
    "choices": [
      "Naloxone",
      "N-acetylcysteine",
      "Flumazenil",
      "Atropine"
    ],
    "answer": "B",
    "answer_idx": 1
  },
  {
    "id": "Nerve_compressed_in_carp",
    "question": "Nerve compressed in carpal tunnel?",
    "options": {
      "A": "Ulnar",
      "B": "Radial",
      "C": "Median",
      "D": "Axillary"
    },
    "choices": [
      "Ulnar",
      "Radial",
      "Median",
      "Axillary"
    ],
    "answer": "C",
    "answer_idx": 2
  },
  {
    "id": "Night_blindness_vitamin_",
    "question": "Night blindness vitamin deficiency?",
    "options": {
      "A": "Vitamin A",
      "B": "Vitamin B1",
      "C": "Vitamin C",
      "D": "Vitamin D"
    },
    "choices": [
      "Vitamin A",
      "Vitamin B1",
      "Vitamin C",
      "Vitamin D"
    ],
    "answer": "A",
    "answer_idx": 0
  },
  {
    "id": "Best_initial_test_for_su",
    "question": "Best initial test for suspected DVT?",
    "options": {
      "A": "D-dimer",
      "B": "Compression ultrasound",
      "C": "CT angiography",
      "D": "V/Q scan"
    },
    "choices": [
      "D-dimer",
      "Compression ultrasound",
      "CT angiography",
      "V/Q scan"
    ],
    "answer": "B",
    "answer_idx": 1
  }
]